step,actic loss,critic loss,average distance,time
10,-746.8972,168.0210,13.0179,0min0sec
20,-658.6680,137.0939,13.0341,0min0sec
30,-399.1070,97.6652,13.0326,0min0sec
40,-299.1394,75.2770,13.0303,0min0sec
50,-240.7504,61.0571,13.0226,0min0sec
60,-202.8839,51.4062,13.0299,0min0sec
70,-172.9573,44.4505,13.0320,0min0sec
80,-151.9553,39.2080,13.0308,0min0sec
90,-135.2062,35.1153,13.0216,0min0sec
100,-120.9951,31.8195,12.8674,0min0sec
110,-110.4850,29.1058,12.5634,0min0sec
120,-101.4531,26.8416,12.2888,0min0sec
130,-93.6504,24.9280,12.0538,0min0sec
140,-87.0753,23.2873,11.8518,0min0sec
150,-81.3625,21.8700,11.6721,0min0sec
160,-76.3151,20.6255,11.5159,0min0sec
170,-71.8721,19.5296,11.3813,0min0sec
180,-67.8945,18.5533,11.2618,0min0sec
190,-64.3300,17.6804,11.1553,0min0sec
200,-61.1714,16.8906,11.0547,0min0sec
210,-58.3310,16.1741,10.9644,0min0sec
220,-55.6542,15.5234,10.8816,0min0sec
230,-53.2789,14.9265,10.8042,0min0sec
240,-51.1042,14.3810,10.7325,0min0sec
250,-49.0990,13.8758,10.6665,0min0sec
260,-47.2431,13.4098,10.6054,0min0sec
270,-45.5161,12.9801,10.5500,0min0sec
280,-43.9125,12.5762,10.4990,0min0sec
290,-42.4057,12.1992,10.4494,0min0sec
300,-40.9814,11.8481,10.4042,0min0sec
310,-39.6785,11.5187,10.3619,0min0sec
320,-38.4221,11.2130,10.3215,0min0sec
330,-37.2672,10.9230,10.2843,0min0sec
340,-36.1888,10.6514,10.2514,0min0sec
350,-35.1575,10.3989,10.2182,0min0sec
360,-34.1814,10.1583,10.1888,0min0sec
370,-33.2448,9.9331,10.1629,0min0sec
380,-32.3829,9.7175,10.1373,0min0sec
390,-31.5654,9.5142,10.1127,0min0sec
400,-30.8025,9.3236,10.0898,0min0sec
410,-30.0274,9.1424,10.0675,0min0sec
420,-29.3218,8.9672,10.0451,0min0sec
430,-28.6520,8.7976,10.0239,0min0sec
440,-28.0086,8.6377,10.0047,0min0sec
450,-27.3798,8.4851,9.9836,0min0sec
460,-26.7950,8.3355,9.9637,0min0sec
470,-26.2260,8.1929,9.9452,0min0sec
480,-25.6948,8.0547,9.9301,0min0sec
490,-25.1617,7.9239,9.9199,0min0sec
500,-24.6577,7.7981,9.9079,0min0sec
510,-24.1776,7.6779,9.8933,0min0sec
520,-23.7203,7.5625,9.8779,0min0sec
530,-23.2785,7.4530,9.8634,0min0sec
540,-22.8480,7.3479,9.8494,0min0sec
550,-22.4399,7.2458,9.8357,0min0sec
560,-22.0281,7.1490,9.8224,0min0sec
570,-21.6578,7.0538,9.8093,0min0sec
580,-21.3004,6.9631,9.7959,0min0sec
590,-20.9367,6.8716,9.7838,0min0sec
600,-20.5963,6.7840,9.7709,0min0sec
610,-20.2724,6.6995,9.7595,0min0sec
620,-19.9531,6.6185,9.7495,0min0sec
630,-19.6358,6.5385,9.7395,0min0sec
640,-19.3324,6.4612,9.7308,0min0sec
650,-19.0327,6.3866,9.7219,0min0sec
660,-18.7450,6.3131,9.7127,0min0sec
670,-18.4576,6.2425,9.7047,0min0sec
680,-18.1922,6.1739,9.6970,0min0sec
690,-17.9459,6.1078,9.6902,0min0sec
700,-17.6928,6.0423,9.6863,0min0sec
710,-17.4435,5.9797,9.6825,0min0sec
720,-17.2072,5.9211,9.6751,0min0sec
730,-16.9392,5.8660,9.6672,0min0sec
740,-16.7168,5.8079,9.6598,0min0sec
750,-16.4992,5.7514,9.6527,0min0sec
760,-16.2818,5.6957,9.6453,0min0sec
770,-16.0697,5.6413,9.6386,0min0sec
780,-15.8609,5.5885,9.6317,0min0sec
790,-15.6614,5.5370,9.6245,0min0sec
800,-15.4696,5.4878,9.6182,0min0sec
810,-15.2790,5.4392,9.6113,0min0sec
820,-15.0933,5.3917,9.6043,0min0sec
830,-14.9126,5.3458,9.5973,0min0sec
840,-14.7374,5.3007,9.5907,0min0sec
850,-14.5624,5.2572,9.5848,0min0sec
860,-14.3935,5.2141,9.5790,0min0sec
870,-14.2333,5.1720,9.5731,0min0sec
880,-14.0709,5.1313,9.5673,0min0sec
890,-13.9129,5.0916,9.5614,0min0sec
900,-13.7610,5.0521,9.5565,0min0sec
910,-13.6086,5.0131,9.5526,0min0sec
920,-13.4583,4.9761,9.5476,0min0sec
930,-13.3204,4.9413,9.5420,0min0sec
940,-13.1734,4.9062,9.5364,0min0sec
950,-13.0367,4.8715,9.5317,0min0sec
960,-12.9024,4.8372,9.5266,0min0sec
970,-12.7599,4.8054,9.5215,0min0sec
980,-12.6361,4.7720,9.5176,0min0sec
990,-12.5084,4.7398,9.5139,0min0sec
1000,-12.3855,4.7078,9.5093,0min0sec
1010,-12.2635,4.6769,9.5050,0min0sec
1020,-12.1379,4.6468,9.5005,0min0sec
1030,-12.0185,4.6175,9.4959,0min0sec
1040,-11.9014,4.5879,9.4918,0min0sec
1050,-11.7890,4.5589,9.4878,0min0sec
1060,-11.6779,4.5308,9.4833,0min0sec
1070,-11.5743,4.5041,9.4791,0min0sec
1080,-11.4679,4.4773,9.4751,0min0sec
1090,-11.3638,4.4510,9.4712,0min0sec
1100,-11.2606,4.4247,9.4669,0min0sec
1110,-11.1621,4.3993,9.4625,0min0sec
1120,-11.0606,4.3746,9.4585,0min0sec
1130,-10.9637,4.3502,9.4544,0min0sec
1140,-10.8705,4.3260,9.4500,0min0sec
1150,-10.7734,4.3020,9.4459,0min0sec
1160,-10.6813,4.2781,9.4418,0min0sec
1170,-10.5888,4.2542,9.4377,0min0sec
1180,-10.4974,4.2310,9.4339,0min0sec
1190,-10.4097,4.2076,9.4301,0min0sec
1200,-10.3272,4.1845,9.4265,0min0sec
1210,-10.2461,4.1615,9.4227,0min0sec
1220,-10.1586,4.1393,9.4186,0min0sec
1230,-10.0690,4.1166,9.4122,0min0sec
1240,-9.9859,4.0904,9.4016,0min0sec
1250,-9.8973,4.0624,9.3836,0min0sec
1260,-9.8152,4.0366,9.3621,0min0sec
1270,-9.7490,4.0090,9.3374,0min0sec
1280,-9.6749,3.9803,9.3129,0min0sec
1290,-9.6035,3.9516,9.2871,0min0sec
1300,-9.5314,3.9236,9.2613,0min0sec
1310,-9.4631,3.8959,9.2341,0min0sec
1320,-9.3912,3.8684,9.2060,0min0sec
1330,-9.3220,3.8416,9.1779,0min0sec
1340,-9.2554,3.8152,9.1498,0min0sec
1350,-9.1872,3.7889,9.1217,0min0sec
1360,-9.1236,3.7630,9.0938,0min0sec
1370,-9.0599,3.7374,9.0662,0min0sec
1380,-8.9954,3.7121,9.0387,0min0sec
1390,-8.9329,3.6872,9.0113,0min0sec
1400,-8.8718,3.6627,8.9840,0min0sec
1410,-8.8110,3.6385,8.9572,0min0sec
1420,-8.7512,3.6145,8.9305,0min0sec
1430,-8.6922,3.5913,8.9039,0min0sec
1440,-8.6348,3.5682,8.8777,0min0sec
1450,-8.5800,3.5457,8.8520,0min0sec
1460,-8.5210,3.5233,8.8263,0min0sec
1470,-8.4633,3.5010,8.8008,0min0sec
1480,-8.4093,3.4787,8.7754,0min0sec
1490,-8.3546,3.4568,8.7500,0min0sec
1500,-8.2992,3.4354,8.7248,0min0sec
1510,-8.2450,3.4141,8.6999,0min0sec
1520,-8.1932,3.3929,8.6751,0min0sec
1530,-8.1410,3.3719,8.6506,0min0sec
1540,-8.0893,3.3513,8.6263,0min0sec
1550,-8.0388,3.3310,8.6022,0min0sec
1560,-7.9888,3.3109,8.5784,0min0sec
1570,-7.9390,3.2909,8.5546,0min0sec
1580,-7.8890,3.2712,8.5310,0min0sec
1590,-7.8408,3.2517,8.5078,0min0sec
1600,-7.7912,3.2325,8.4849,0min0sec
1610,-7.7442,3.2138,8.4622,0min0sec
1620,-7.6988,3.1950,8.4395,0min0sec
1630,-7.6533,3.1765,8.4171,0min0sec
1640,-7.6075,3.1583,8.3952,0min0sec
1650,-7.5622,3.1402,8.3734,0min0sec
1660,-7.5183,3.1224,8.3520,0min0sec
1670,-7.4747,3.1048,8.3307,0min0sec
1680,-7.4309,3.0874,8.3097,0min0sec
1690,-7.3882,3.0702,8.2891,0min0sec
1700,-7.3453,3.0532,8.2688,0min0sec
1710,-7.3031,3.0363,8.2484,0min0sec
1720,-7.2618,3.0196,8.2281,0min0sec
1730,-7.2208,3.0031,8.2080,0min0sec
1740,-7.1811,2.9868,8.1882,0min0sec
1750,-7.1407,2.9708,8.1690,0min0sec
1760,-7.1017,2.9550,8.1498,0min0sec
1770,-7.0623,2.9392,8.1305,0min0sec
1780,-7.0237,2.9237,8.1117,0min0sec
1790,-6.9850,2.9083,8.0929,0min0sec
1800,-6.9467,2.8930,8.0744,0min0sec
1810,-6.9097,2.8779,8.0559,0min0sec
1820,-6.8719,2.8629,8.0375,0min0sec
1830,-6.8350,2.8483,8.0194,0min0sec
1840,-6.7993,2.8337,8.0014,0min0sec
1850,-6.7635,2.8192,7.9836,0min0sec
1860,-6.7275,2.8048,7.9660,0min0sec
1870,-6.6928,2.7907,7.9487,0min0sec
1880,-6.6581,2.7766,7.9315,0min0sec
1890,-6.6228,2.7628,7.9143,0min0sec
1900,-6.5896,2.7490,7.8974,0min0sec
1910,-6.5564,2.7355,7.8810,0min0sec
1920,-6.5225,2.7222,7.8646,0min0sec
1930,-6.4903,2.7092,7.8483,0min0sec
1940,-6.4569,2.6962,7.8322,0min0sec
1950,-6.4246,2.6832,7.8160,0min0sec
1960,-6.3927,2.6704,7.8004,0min0sec
1970,-6.3606,2.6576,7.7847,0min0sec
1980,-6.3287,2.6451,7.7691,0min0sec
1990,-6.2979,2.6326,7.7536,0min0sec
2000,-6.2663,2.6202,7.7383,0min0sec
2010,-6.2359,2.6080,7.7232,0min0sec
2020,-6.2053,2.5958,7.7082,0min0sec
2030,-6.1750,2.5838,7.6934,0min0sec
2040,-6.1456,2.5719,7.6787,0min0sec
2050,-6.1162,2.5600,7.6640,0min0sec
2060,-6.0868,2.5484,7.6497,0min0sec
2070,-6.0584,2.5369,7.6354,0min0sec
2080,-6.0300,2.5255,7.6214,0min0sec
2090,-6.0017,2.5142,7.6074,0min0sec
2100,-5.9729,2.5030,7.5935,0min0sec
2110,-5.9454,2.4919,7.5797,0min0sec
2120,-5.9176,2.4808,7.5662,0min0sec
2130,-5.8907,2.4699,7.5527,0min0sec
2140,-5.8640,2.4591,7.5392,0min0sec
2150,-5.8369,2.4484,7.5260,0min0sec
2160,-5.8102,2.4378,7.5128,0min0sec
2170,-5.7841,2.4273,7.4997,0min0sec
2180,-5.7581,2.4169,7.4868,0min0sec
2190,-5.7325,2.4066,7.4741,0min0sec
2200,-5.7078,2.3964,7.4615,0min0sec
2210,-5.6801,2.3867,7.4493,0min0sec
2220,-5.6562,2.3767,7.4369,0min0sec
2230,-5.6313,2.3667,7.4246,0min0sec
2240,-5.6071,2.3568,7.4122,0min0sec
2250,-5.5828,2.3470,7.4000,0min0sec
2260,-5.5585,2.3372,7.3878,0min0sec
2270,-5.5348,2.3276,7.3759,0min0sec
2280,-5.5109,2.3181,7.3641,0min0sec
2290,-5.4874,2.3087,7.3525,0min0sec
2300,-5.4640,2.2993,7.3409,0min0sec
2310,-5.4412,2.2901,7.3295,0min0sec
2320,-5.4182,2.2809,7.3181,0min0sec
2330,-5.3955,2.2718,7.3068,0min0sec
2340,-5.3727,2.2627,7.2957,0min0sec
2350,-5.3504,2.2537,7.2845,0min0sec
2360,-5.3284,2.2448,7.2734,0min0sec
2370,-5.3065,2.2359,7.2624,0min0sec
2380,-5.2847,2.2272,7.2515,0min0sec
2390,-5.2630,2.2185,7.2407,0min0sec
2400,-5.2417,2.2099,7.2301,0min0sec
2410,-5.2201,2.2014,7.2197,0min0sec
2420,-5.1992,2.1929,7.2093,0min0sec
2430,-5.1781,2.1844,7.1988,0min0sec
2440,-5.1572,2.1761,7.1884,0min0sec
2450,-5.1366,2.1677,7.1780,0min0sec
2460,-5.1163,2.1595,7.1678,0min0sec
2470,-5.0960,2.1514,7.1577,0min0sec
2480,-5.0757,2.1434,7.1476,0min0sec
2490,-5.0557,2.1354,7.1377,0min0sec
2500,-5.0362,2.1275,7.1278,0min0sec
2510,-5.0170,2.1196,7.1180,0min0sec
2520,-4.9971,2.1118,7.1083,0min0sec
2530,-4.9778,2.1040,7.0986,0min0sec
2540,-4.9586,2.0963,7.0890,0min0sec
2550,-4.9396,2.0886,7.0794,0min0sec
2560,-4.9207,2.0810,7.0699,0min0sec
2570,-4.9018,2.0734,7.0605,0min0sec
2580,-4.8837,2.0660,7.0512,0min0sec
2590,-4.8653,2.0586,7.0418,0min0sec
2600,-4.8471,2.0512,7.0326,0min0sec
2610,-4.8288,2.0439,7.0235,0min0sec
2620,-4.8108,2.0366,7.0144,0min0sec
2630,-4.7927,2.0294,7.0054,0min0sec
2640,-4.7751,2.0223,6.9964,0min0sec
2650,-4.7574,2.0152,6.9875,0min0sec
2660,-4.7400,2.0081,6.9788,0min0sec
2670,-4.7226,2.0011,6.9700,0min0sec
2680,-4.7054,1.9942,6.9613,0min0sec
2690,-4.6880,1.9874,6.9528,0min0sec
2700,-4.6713,1.9805,6.9443,0min0sec
2710,-4.6545,1.9738,6.9359,0min0sec
2720,-4.6376,1.9670,6.9276,0min0sec
2730,-4.6211,1.9604,6.9192,0min0sec
2740,-4.6045,1.9537,6.9108,0min0sec
2750,-4.5885,1.9471,6.9026,0min0sec
2760,-4.5721,1.9406,6.8944,0min0sec
2770,-4.5564,1.9342,6.8863,0min0sec
2780,-4.5401,1.9277,6.8783,0min0sec
2790,-4.5242,1.9213,6.8703,0min0sec
2800,-4.5083,1.9150,6.8623,0min0sec
2810,-4.4925,1.9087,6.8544,0min0sec
2820,-4.4770,1.9024,6.8467,0min0sec
2830,-4.4614,1.8962,6.8388,0min0sec
2840,-4.4461,1.8900,6.8311,0min0sec
2850,-4.4308,1.8839,6.8234,0min0sec
2860,-4.4155,1.8778,6.8157,0min0sec
2870,-4.4005,1.8717,6.8081,0min0sec
2880,-4.3857,1.8657,6.8006,0min0sec
2890,-4.3710,1.8598,6.7932,0min0sec
2900,-4.3562,1.8539,6.7859,0min0sec
2910,-4.3416,1.8480,6.7784,0min0sec
2920,-4.3271,1.8421,6.7711,0min0sec
2930,-4.3126,1.8363,6.7638,0min0sec
2940,-4.2982,1.8305,6.7564,0min0sec
2950,-4.2838,1.8247,6.7493,0min0sec
2960,-4.2699,1.8191,6.7422,0min0sec
2970,-4.2560,1.8134,6.7351,0min0sec
2980,-4.2420,1.8078,6.7279,0min0sec
2990,-4.2281,1.8022,6.7209,0min0sec
3000,-4.2144,1.7967,6.7140,0min0sec
3010,-4.2008,1.7912,6.7072,0min0sec
3020,-4.1873,1.7857,6.7004,0min0sec
3030,-4.1738,1.7803,6.6936,0min0sec
3040,-4.1603,1.7749,6.6868,0min0sec
3050,-4.1472,1.7696,6.6800,0min0sec
3060,-4.1338,1.7643,6.6733,0min0sec
3070,-4.1207,1.7590,6.6667,0min0sec
3080,-4.1075,1.7537,6.6601,0min0sec
3090,-4.0944,1.7484,6.6534,0min0sec
3100,-4.0815,1.7433,6.6469,0min0sec
3110,-4.0686,1.7381,6.6405,0min0sec
3120,-4.0559,1.7330,6.6340,0min0sec
3130,-4.0434,1.7279,6.6276,0min0sec
3140,-4.0305,1.7228,6.6213,0min0sec
3150,-4.0180,1.7178,6.6150,0min0sec
3160,-4.0056,1.7128,6.6087,0min0sec
3170,-3.9932,1.7078,6.6023,0min0sec
3180,-3.9810,1.7028,6.5960,0min0sec
3190,-3.9688,1.6979,6.5898,0min0sec
3200,-3.9567,1.6930,6.5836,0min0sec
3210,-3.9445,1.6882,6.5775,0min0sec
3220,-3.9323,1.6834,6.5714,0min0sec
3230,-3.9205,1.6786,6.5654,0min0sec
3240,-3.9086,1.6738,6.5594,0min0sec
3250,-3.8971,1.6691,6.5534,0min0sec
3260,-3.8852,1.6644,6.5475,0min0sec
3270,-3.8735,1.6596,6.5416,0min0sec
3280,-3.8620,1.6550,6.5357,0min0sec
3290,-3.8506,1.6504,6.5299,0min0sec
3300,-3.8392,1.6458,6.5242,0min0sec
3310,-3.8281,1.6412,6.5185,0min0sec
3320,-3.8166,1.6367,6.5128,0min0sec
3330,-3.8057,1.6322,6.5071,0min0sec
3340,-3.7945,1.6277,6.5015,0min0sec
3350,-3.7830,1.6233,6.4960,0min0sec
3360,-3.7722,1.6189,6.4905,0min0sec
3370,-3.7614,1.6146,6.4851,0min0sec
3380,-3.7504,1.6102,6.4796,0min0sec
3390,-3.7397,1.6058,6.4741,0min0sec
3400,-3.7289,1.6015,6.4686,0min0sec
3410,-3.7185,1.5972,6.4631,0min0sec
3420,-3.7076,1.5929,6.4577,0min0sec
3430,-3.6970,1.5887,6.4522,0min0sec
3440,-3.6869,1.5845,6.4469,0min0sec
3450,-3.6764,1.5803,6.4417,0min0sec
3460,-3.6660,1.5761,6.4364,0min0sec
3470,-3.6555,1.5720,6.4312,0min0sec
3480,-3.6453,1.5679,6.4260,0min0sec
3490,-3.6350,1.5638,6.4208,0min0sec
3500,-3.6246,1.5597,6.4157,0min0sec
3510,-3.6146,1.5556,6.4106,0min0sec
3520,-3.6047,1.5515,6.4055,0min0sec
3530,-3.5945,1.5475,6.4004,0min0sec
3540,-3.5847,1.5435,6.3954,0min0sec
3550,-3.5747,1.5395,6.3904,0min0sec
3560,-3.5647,1.5356,6.3854,0min0sec
3570,-3.5552,1.5316,6.3804,0min0sec
3580,-3.5455,1.5277,6.3754,0min0sec
3590,-3.5357,1.5239,6.3705,0min0sec
3600,-3.5266,1.5201,6.3656,0min0sec
3610,-3.5170,1.5162,6.3607,0min0sec
3620,-3.5076,1.5124,6.3559,0min0sec
3630,-3.4979,1.5086,6.3510,0min0sec
3640,-3.4883,1.5049,6.3462,0min0sec
3650,-3.4792,1.5011,6.3414,0min0sec
3660,-3.4700,1.4974,6.3366,0min0sec
3670,-3.4604,1.4937,6.3318,0min0sec
3680,-3.4513,1.4900,6.3271,0min0sec
3690,-3.4422,1.4863,6.3223,0min0sec
3700,-3.4329,1.4826,6.3177,0min0sec
3710,-3.4239,1.4789,6.3131,0min0sec
3720,-3.4149,1.4753,6.3085,0min0sec
3730,-3.4059,1.4717,6.3039,0min0sec
3740,-3.3971,1.4681,6.2993,0min0sec
3750,-3.3882,1.4645,6.2948,0min0sec
3760,-3.3794,1.4609,6.2903,0min0sec
3770,-3.3706,1.4574,6.2858,0min0sec
3780,-3.3619,1.4539,6.2814,0min0sec
3790,-3.3532,1.4504,6.2770,0min0sec
3800,-3.3446,1.4469,6.2726,0min0sec
3810,-3.3359,1.4435,6.2682,0min0sec
3820,-3.3274,1.4400,6.2638,0min0sec
3830,-3.3190,1.4366,6.2595,0min0sec
3840,-3.3104,1.4332,6.2552,0min0sec
3850,-3.3023,1.4299,6.2510,0min0sec
3860,-3.2939,1.4265,6.2467,0min0sec
3870,-3.2856,1.4231,6.2424,0min0sec
3880,-3.2773,1.4198,6.2382,0min0sec
3890,-3.2692,1.4165,6.2340,0min0sec
3900,-3.2608,1.4132,6.2298,0min0sec
3910,-3.2525,1.4099,6.2256,0min0sec
3920,-3.2445,1.4066,6.2214,0min0sec
3930,-3.2363,1.4033,6.2172,0min0sec
3940,-3.2283,1.4001,6.2131,0min0sec
3950,-3.2204,1.3969,6.2090,0min0sec
3960,-3.2125,1.3937,6.2049,0min0sec
3970,-3.2046,1.3905,6.2009,0min0sec
3980,-3.1968,1.3873,6.1968,0min0sec
3990,-3.1889,1.3841,6.1928,0min0sec
4000,-3.1811,1.3809,6.1888,0min0sec
4010,-3.1734,1.3778,6.1848,0min0sec
4020,-3.1658,1.3747,6.1809,0min0sec
4030,-3.1582,1.3716,6.1769,0min0sec
4040,-3.1506,1.3685,6.1730,0min0sec
4050,-3.1429,1.3654,6.1692,0min0sec
4060,-3.1355,1.3624,6.1653,0min0sec
4070,-3.1279,1.3593,6.1614,0min0sec
4080,-3.1204,1.3563,6.1576,0min0sec
4090,-3.1131,1.3533,6.1537,0min0sec
4100,-3.1056,1.3503,6.1500,0min0sec
4110,-3.0982,1.3473,6.1462,0min0sec
4120,-3.0909,1.3443,6.1424,0min0sec
4130,-3.0836,1.3413,6.1387,0min0sec
4140,-3.0762,1.3384,6.1350,0min0sec
4150,-3.0690,1.3355,6.1313,0min0sec
4160,-3.0619,1.3326,6.1275,0min0sec
4170,-3.0545,1.3297,6.1239,0min0sec
4180,-3.0475,1.3269,6.1203,0min0sec
4190,-3.0403,1.3240,6.1167,0min0sec
4200,-3.0333,1.3212,6.1132,0min0sec
4210,-3.0263,1.3184,6.1095,0min0sec
4220,-3.0192,1.3155,6.1059,0min0sec
4230,-3.0123,1.3127,6.1023,0min0sec
4240,-3.0053,1.3099,6.0987,0min0sec
4250,-2.9985,1.3071,6.0951,0min0sec
4260,-2.9916,1.3043,6.0916,0min0sec
4270,-2.9847,1.3015,6.0881,0min0sec
4280,-2.9779,1.2987,6.0845,0min0sec
4290,-2.9711,1.2960,6.0810,0min0sec
4300,-2.9644,1.2932,6.0775,0min0sec
4310,-2.9577,1.2905,6.0740,0min0sec
4320,-2.9510,1.2878,6.0705,0min0sec
4330,-2.9443,1.2851,6.0670,0min0sec
4340,-2.9377,1.2824,6.0636,0min0sec
4350,-2.9311,1.2797,6.0603,0min0sec
4360,-2.9246,1.2771,6.0569,0min0sec
4370,-2.9181,1.2744,6.0536,0min0sec
4380,-2.9115,1.2718,6.0504,0min0sec
4390,-2.9049,1.2692,6.0471,0min0sec
4400,-2.8986,1.2667,6.0438,0min0sec
4410,-2.8921,1.2641,6.0404,0min0sec
4420,-2.8855,1.2615,6.0372,0min0sec
4430,-2.8790,1.2590,6.0339,0min0sec
4440,-2.8729,1.2564,6.0307,0min0sec
4450,-2.8666,1.2539,6.0274,0min0sec
4460,-2.8604,1.2513,6.0242,0min0sec
4470,-2.8541,1.2488,6.0211,0min0sec
4480,-2.8479,1.2463,6.0179,0min0sec
4490,-2.8417,1.2438,6.0148,0min0sec
4500,-2.8356,1.2413,6.0116,0min0sec
4510,-2.8295,1.2388,6.0084,0min0sec
4520,-2.8234,1.2363,6.0053,0min0sec
4530,-2.8173,1.2339,6.0022,0min0sec
4540,-2.8111,1.2314,5.9991,0min0sec
4550,-2.8050,1.2290,5.9960,0min0sec
4560,-2.7990,1.2266,5.9929,0min0sec
4570,-2.7930,1.2242,5.9899,0min0sec
4580,-2.7871,1.2217,5.9868,0min0sec
4590,-2.7812,1.2193,5.9837,0min0sec
4600,-2.7753,1.2169,5.9807,0min0sec
4610,-2.7693,1.2146,5.9777,0min0sec
4620,-2.7633,1.2122,5.9747,0min0sec
4630,-2.7577,1.2099,5.9717,0min0sec
4640,-2.7519,1.2076,5.9686,0min0sec
4650,-2.7462,1.2053,5.9656,0min0sec
4660,-2.7404,1.2029,5.9626,0min0sec
4670,-2.7347,1.2006,5.9597,0min0sec
4680,-2.7289,1.1983,5.9568,0min0sec
4690,-2.7232,1.1960,5.9539,0min0sec
4700,-2.7175,1.1937,5.9511,0min0sec
4710,-2.7119,1.1915,5.9482,0min0sec
4720,-2.7063,1.1892,5.9454,0min0sec
4730,-2.7007,1.1869,5.9425,0min0sec
4740,-2.6952,1.1847,5.9396,0min0sec
4750,-2.6897,1.1824,5.9367,0min0sec
4760,-2.6841,1.1802,5.9339,0min0sec
4770,-2.6787,1.1780,5.9310,0min0sec
4780,-2.6731,1.1757,5.9281,0min0sec
4790,-2.6677,1.1735,5.9253,0min0sec
4800,-2.6623,1.1713,5.9224,0min0sec
4810,-2.6569,1.1691,5.9196,0min0sec
4820,-2.6514,1.1669,5.9168,0min0sec
4830,-2.6461,1.1648,5.9141,0min0sec
4840,-2.6408,1.1627,5.9114,0min0sec
4850,-2.6354,1.1605,5.9087,0min0sec
4860,-2.6301,1.1584,5.9060,0min0sec
4870,-2.6250,1.1562,5.9032,0min0sec
4880,-2.6197,1.1541,5.9005,0min0sec
4890,-2.6143,1.1520,5.8978,0min0sec
4900,-2.6092,1.1499,5.8951,0min0sec
4910,-2.6039,1.1478,5.8923,0min0sec
4920,-2.5988,1.1457,5.8897,0min0sec
4930,-2.5937,1.1437,5.8870,0min0sec
4940,-2.5885,1.1416,5.8843,0min0sec
4950,-2.5834,1.1395,5.8817,0min0sec
4960,-2.5783,1.1375,5.8790,0min0sec
4970,-2.5733,1.1354,5.8764,0min0sec
4980,-2.5683,1.1334,5.8738,0min0sec
4990,-2.5633,1.1313,5.8712,0min0sec
5000,-2.5582,1.1293,5.8687,0min0sec
5010,-2.5533,1.1273,5.8661,0min0sec
5020,-2.5483,1.1253,5.8635,0min0sec
5030,-2.5433,1.1233,5.8610,0min0sec
5040,-2.5384,1.1213,5.8585,0min0sec
5050,-2.5336,1.1193,5.8559,0min0sec
5060,-2.5285,1.1173,5.8534,0min0sec
5070,-2.5237,1.1154,5.8509,0min0sec
5080,-2.5189,1.1134,5.8483,0min0sec
5090,-2.5141,1.1115,5.8459,0min0sec
5100,-2.5093,1.1095,5.8434,0min0sec
5110,-2.5045,1.1076,5.8410,0min0sec
5120,-2.4997,1.1056,5.8384,0min0sec
5130,-2.4950,1.1037,5.8360,0min0sec
5140,-2.4903,1.1018,5.8335,0min0sec
5150,-2.4856,1.0999,5.8310,0min0sec
5160,-2.4809,1.0980,5.8286,0min0sec
5170,-2.4763,1.0960,5.8261,0min0sec
5180,-2.4715,1.0942,5.8237,0min0sec
5190,-2.4667,1.0923,5.8212,0min0sec
5200,-2.4622,1.0904,5.8188,0min0sec
5210,-2.4575,1.0885,5.8164,0min0sec
5220,-2.4530,1.0867,5.8140,0min0sec
5230,-2.4485,1.0848,5.8117,0min0sec
5240,-2.4440,1.0830,5.8093,0min0sec
5250,-2.4394,1.0811,5.8070,0min0sec
5260,-2.4348,1.0793,5.8047,0min0sec
5270,-2.4304,1.0775,5.8023,0min0sec
5280,-2.4258,1.0756,5.8000,0min0sec
5290,-2.4214,1.0738,5.7977,0min0sec
5300,-2.4170,1.0720,5.7954,0min0sec
5310,-2.4125,1.0702,5.7930,0min0sec
5320,-2.4081,1.0684,5.7907,0min0sec
5330,-2.4037,1.0666,5.7884,0min0sec
5340,-2.3994,1.0648,5.7861,0min0sec
5350,-2.3950,1.0630,5.7838,0min0sec
5360,-2.3907,1.0613,5.7815,0min0sec
5370,-2.3863,1.0595,5.7792,0min0sec
5380,-2.3821,1.0578,5.7770,0min0sec
5390,-2.3777,1.0560,5.7748,0min0sec
5400,-2.3736,1.0543,5.7726,0min0sec
5410,-2.3692,1.0526,5.7704,0min0sec
5420,-2.3651,1.0508,5.7682,0min0sec
5430,-2.3608,1.0491,5.7660,0min0sec
5440,-2.3566,1.0474,5.7639,0min0sec
5450,-2.3524,1.0457,5.7617,0min0sec
5460,-2.3482,1.0440,5.7595,0min0sec
5470,-2.3441,1.0423,5.7573,0min0sec
5480,-2.3399,1.0406,5.7551,0min0sec
5490,-2.3358,1.0389,5.7530,0min0sec
5500,-2.3317,1.0372,5.7508,0min0sec
5510,-2.3275,1.0355,5.7486,0min0sec
5520,-2.3235,1.0339,5.7464,0min0sec
5530,-2.3193,1.0322,5.7443,0min0sec
5540,-2.3151,1.0306,5.7422,0min0sec
5550,-2.3110,1.0289,5.7400,0min0sec
5560,-2.3071,1.0273,5.7379,0min0sec
5570,-2.3030,1.0257,5.7358,0min0sec
5580,-2.2990,1.0240,5.7337,0min0sec
5590,-2.2951,1.0224,5.7316,0min0sec
5600,-2.2910,1.0207,5.7295,0min0sec
5610,-2.2870,1.0191,5.7274,0min0sec
5620,-2.2831,1.0175,5.7253,0min0sec
5630,-2.2790,1.0159,5.7232,0min0sec
5640,-2.2751,1.0143,5.7212,0min0sec
5650,-2.2712,1.0127,5.7191,0min0sec
5660,-2.2673,1.0111,5.7171,0min0sec
5670,-2.2634,1.0096,5.7150,0min0sec
5680,-2.2596,1.0080,5.7130,0min0sec
5690,-2.2557,1.0064,5.7110,0min0sec
5700,-2.2519,1.0049,5.7090,0min0sec
5710,-2.2480,1.0033,5.7070,0min0sec
5720,-2.2442,1.0018,5.7051,0min0sec
5730,-2.2403,1.0002,5.7031,0min0sec
5740,-2.2365,0.9987,5.7010,0min0sec
5750,-2.2327,0.9971,5.6991,0min0sec
5760,-2.2289,0.9956,5.6971,0min0sec
5770,-2.2252,0.9940,5.6951,0min0sec
5780,-2.2213,0.9925,5.6932,0min0sec
5790,-2.2176,0.9910,5.6912,0min0sec
5800,-2.2138,0.9895,5.6893,0min0sec
5810,-2.2101,0.9880,5.6874,0min0sec
5820,-2.2065,0.9865,5.6854,0min0sec
5830,-2.2028,0.9850,5.6835,0min0sec
5840,-2.1990,0.9835,5.6816,0min0sec
5850,-2.1955,0.9820,5.6797,0min0sec
5860,-2.1919,0.9805,5.6778,0min0sec
5870,-2.1882,0.9791,5.6759,0min0sec
5880,-2.1845,0.9776,5.6741,0min0sec
5890,-2.1809,0.9761,5.6721,0min0sec
5900,-2.1774,0.9747,5.6702,0min0sec
5910,-2.1738,0.9732,5.6683,0min0sec
5920,-2.1703,0.9717,5.6664,0min0sec
5930,-2.1667,0.9703,5.6646,0min0sec
5940,-2.1631,0.9688,5.6627,0min0sec
5950,-2.1596,0.9674,5.6609,0min0sec
5960,-2.1560,0.9660,5.6591,0min0sec
5970,-2.1525,0.9645,5.6573,0min0sec
5980,-2.1490,0.9631,5.6554,0min0sec
5990,-2.1456,0.9617,5.6536,0min0sec
6000,-2.1420,0.9603,5.6518,0min0sec
6010,-2.1387,0.9589,5.6500,0min0sec
6020,-2.1352,0.9574,5.6481,0min0sec
6030,-2.1318,0.9560,5.6463,0min0sec
6040,-2.1284,0.9546,5.6445,0min0sec
6050,-2.1249,0.9532,5.6427,0min0sec
6060,-2.1215,0.9518,5.6410,0min0sec
6070,-2.1182,0.9505,5.6392,0min0sec
6080,-2.1148,0.9491,5.6374,0min0sec
6090,-2.1115,0.9477,5.6356,0min0sec
6100,-2.1080,0.9463,5.6339,0min0sec
6110,-2.1048,0.9450,5.6321,0min0sec
6120,-2.1015,0.9436,5.6303,0min0sec
6130,-2.0981,0.9423,5.6286,0min0sec
6140,-2.0948,0.9409,5.6268,0min0sec
6150,-2.0916,0.9396,5.6251,0min0sec
6160,-2.0884,0.9383,5.6234,0min0sec
6170,-2.0851,0.9370,5.6217,0min0sec
6180,-2.0817,0.9356,5.6201,0min0sec
6190,-2.0784,0.9343,5.6184,0min0sec
6200,-2.0751,0.9330,5.6167,0min0sec
6210,-2.0718,0.9316,5.6150,0min0sec
6220,-2.0686,0.9303,5.6133,0min0sec
6230,-2.0654,0.9290,5.6117,0min0sec
6240,-2.0621,0.9277,5.6100,0min0sec
6250,-2.0589,0.9263,5.6083,0min0sec
6260,-2.0557,0.9250,5.6066,0min0sec
6270,-2.0526,0.9237,5.6049,0min0sec
6280,-2.0494,0.9224,5.6033,0min0sec
6290,-2.0463,0.9211,5.6016,0min0sec
6300,-2.0431,0.9198,5.6000,0min0sec
6310,-2.0400,0.9186,5.5984,0min0sec
6320,-2.0368,0.9173,5.5968,0min0sec
6330,-2.0337,0.9160,5.5952,0min0sec
6340,-2.0306,0.9147,5.5935,0min0sec
6350,-2.0274,0.9135,5.5919,0min0sec
6360,-2.0244,0.9122,5.5903,0min0sec
6370,-2.0214,0.9110,5.5886,0min0sec
6380,-2.0183,0.9097,5.5870,0min0sec
6390,-2.0152,0.9084,5.5854,0min0sec
6400,-2.0122,0.9072,5.5837,0min0sec
6410,-2.0092,0.9059,5.5821,0min0sec
6420,-2.0062,0.9047,5.5805,0min0sec
6430,-2.0031,0.9034,5.5789,0min0sec
6440,-2.0001,0.9022,5.5773,0min0sec
6450,-1.9972,0.9009,5.5757,0min0sec
6460,-1.9941,0.8997,5.5741,0min0sec
6470,-1.9912,0.8985,5.5726,0min0sec
6480,-1.9882,0.8973,5.5710,0min0sec
6490,-1.9853,0.8961,5.5694,0min0sec
6500,-1.9824,0.8949,5.5678,0min0sec
6510,-1.9793,0.8937,5.5663,0min0sec
6520,-1.9763,0.8925,5.5647,0min0sec
6530,-1.9734,0.8913,5.5631,0min0sec
6540,-1.9705,0.8901,5.5615,0min0sec
6550,-1.9677,0.8889,5.5600,0min0sec
6560,-1.9647,0.8878,5.5585,0min0sec
6570,-1.9618,0.8866,5.5569,0min0sec
6580,-1.9589,0.8854,5.5554,0min0sec
6590,-1.9560,0.8842,5.5539,0min0sec
6600,-1.9531,0.8830,5.5524,0min0sec
6610,-1.9502,0.8818,5.5509,0min0sec
6620,-1.9474,0.8806,5.5493,0min0sec
6630,-1.9445,0.8795,5.5478,0min0sec
6640,-1.9418,0.8783,5.5463,0min0sec
6650,-1.9389,0.8772,5.5448,0min0sec
6660,-1.9360,0.8760,5.5434,0min0sec
6670,-1.9333,0.8749,5.5419,0min0sec
6680,-1.9304,0.8737,5.5404,0min0sec
6690,-1.9276,0.8725,5.5389,0min0sec
6700,-1.9248,0.8714,5.5374,0min0sec
6710,-1.9221,0.8703,5.5359,0min0sec
6720,-1.9194,0.8691,5.5345,0min0sec
6730,-1.9166,0.8680,5.5331,0min0sec
6740,-1.9138,0.8669,5.5316,0min0sec
6750,-1.9110,0.8657,5.5302,0min0sec
6760,-1.9083,0.8646,5.5288,0min0sec
6770,-1.9055,0.8635,5.5273,0min0sec
6780,-1.9028,0.8624,5.5259,0min0sec
6790,-1.9001,0.8613,5.5244,0min0sec
6800,-1.8975,0.8602,5.5230,0min0sec
6810,-1.8947,0.8591,5.5217,0min0sec
6820,-1.8921,0.8580,5.5202,0min0sec
6830,-1.8894,0.8568,5.5188,0min0sec
6840,-1.8867,0.8557,5.5174,0min0sec
6850,-1.8841,0.8546,5.5160,0min0sec
6860,-1.8814,0.8535,5.5146,0min0sec
6870,-1.8788,0.8524,5.5132,0min0sec
6880,-1.8761,0.8513,5.5118,0min0sec
6890,-1.8735,0.8502,5.5104,0min0sec
6900,-1.8708,0.8491,5.5090,0min0sec
6910,-1.8683,0.8481,5.5076,0min0sec
6920,-1.8655,0.8470,5.5063,0min0sec
6930,-1.8630,0.8460,5.5049,0min0sec
6940,-1.8603,0.8449,5.5035,0min0sec
6950,-1.8576,0.8438,5.5022,0min0sec
6960,-1.8550,0.8428,5.5008,0min0sec
6970,-1.8525,0.8417,5.4994,0min0sec
6980,-1.8499,0.8406,5.4981,0min0sec
6990,-1.8473,0.8396,5.4967,0min0sec
7000,-1.8448,0.8386,5.4953,0min0sec
7010,-1.8422,0.8376,5.4940,0min0sec
7020,-1.8396,0.8365,5.4927,0min0sec
7030,-1.8371,0.8355,5.4914,0min0sec
7040,-1.8347,0.8345,5.4901,0min0sec
7050,-1.8321,0.8335,5.4887,0min0sec
7060,-1.8295,0.8324,5.4874,0min0sec
7070,-1.8269,0.8314,5.4860,0min0sec
7080,-1.8244,0.8304,5.4847,0min0sec
7090,-1.8219,0.8294,5.4834,0min0sec
7100,-1.8194,0.8283,5.4821,0min0sec
7110,-1.8169,0.8273,5.4808,0min0sec
7120,-1.8144,0.8263,5.4794,0min0sec
7130,-1.8120,0.8252,5.4781,0min0sec
7140,-1.8095,0.8242,5.4769,0min0sec
7150,-1.8071,0.8232,5.4756,0min0sec
7160,-1.8046,0.8222,5.4743,0min0sec
7170,-1.8022,0.8212,5.4729,0min0sec
7180,-1.7998,0.8202,5.4717,0min0sec
7190,-1.7973,0.8192,5.4704,0min0sec
7200,-1.7949,0.8182,5.4691,0min0sec
7210,-1.7924,0.8172,5.4678,0min0sec
7220,-1.7900,0.8162,5.4665,0min0sec
7230,-1.7876,0.8153,5.4653,0min0sec
7240,-1.7852,0.8143,5.4641,0min0sec
7250,-1.7828,0.8133,5.4628,0min0sec
7260,-1.7804,0.8123,5.4615,0min0sec
7270,-1.7780,0.8113,5.4603,0min0sec
7280,-1.7756,0.8103,5.4590,0min0sec
7290,-1.7733,0.8094,5.4578,0min0sec
7300,-1.7709,0.8084,5.4565,0min0sec
7310,-1.7685,0.8074,5.4552,0min0sec
7320,-1.7662,0.8064,5.4540,0min0sec
7330,-1.7639,0.8055,5.4527,0min0sec
7340,-1.7615,0.8045,5.4515,0min0sec
7350,-1.7592,0.8036,5.4503,0min0sec
7360,-1.7569,0.8026,5.4491,0min0sec
7370,-1.7545,0.8017,5.4478,0min0sec
7380,-1.7522,0.8007,5.4466,0min0sec
7390,-1.7499,0.7998,5.4454,0min0sec
7400,-1.7476,0.7989,5.4442,0min0sec
7410,-1.7453,0.7979,5.4430,0min0sec
7420,-1.7430,0.7970,5.4417,0min0sec
7430,-1.7407,0.7960,5.4405,0min0sec
7440,-1.7385,0.7951,5.4393,0min0sec
7450,-1.7363,0.7942,5.4381,0min0sec
7460,-1.7340,0.7932,5.4369,0min0sec
7470,-1.7318,0.7923,5.4357,0min0sec
7480,-1.7295,0.7914,5.4345,0min0sec
7490,-1.7273,0.7904,5.4333,0min0sec
7500,-1.7251,0.7895,5.4321,0min0sec
7510,-1.7229,0.7886,5.4309,0min0sec
7520,-1.7206,0.7877,5.4297,0min0sec
7530,-1.7184,0.7867,5.4285,0min0sec
7540,-1.7162,0.7858,5.4273,0min0sec
7550,-1.7139,0.7849,5.4261,0min0sec
7560,-1.7118,0.7840,5.4250,0min0sec
7570,-1.7096,0.7831,5.4239,0min0sec
7580,-1.7074,0.7822,5.4227,0min0sec
7590,-1.7053,0.7813,5.4216,0min0sec
7600,-1.7031,0.7804,5.4205,0min0sec
7610,-1.7009,0.7795,5.4193,0min0sec
7620,-1.6988,0.7786,5.4182,0min0sec
7630,-1.6966,0.7777,5.4170,0min0sec
7640,-1.6945,0.7768,5.4158,0min0sec
7650,-1.6923,0.7759,5.4147,0min0sec
7660,-1.6901,0.7751,5.4135,0min0sec
7670,-1.6880,0.7742,5.4124,0min0sec
7680,-1.6859,0.7733,5.4113,0min0sec
7690,-1.6838,0.7724,5.4101,0min0sec
7700,-1.6816,0.7715,5.4090,0min0sec
7710,-1.6796,0.7707,5.4079,0min0sec
7720,-1.6775,0.7698,5.4068,0min0sec
7730,-1.6754,0.7689,5.4057,0min0sec
7740,-1.6733,0.7681,5.4045,0min0sec
7750,-1.6712,0.7672,5.4034,0min0sec
7760,-1.6691,0.7663,5.4023,0min0sec
7770,-1.6670,0.7655,5.4011,0min0sec
7780,-1.6650,0.7646,5.4000,0min0sec
7790,-1.6629,0.7637,5.3989,0min0sec
7800,-1.6609,0.7629,5.3978,0min0sec
7810,-1.6587,0.7620,5.3967,0min0sec
7820,-1.6568,0.7612,5.3956,0min0sec
7830,-1.6548,0.7603,5.3945,0min0sec
7840,-1.6528,0.7595,5.3934,0min0sec
7850,-1.6507,0.7586,5.3923,0min0sec
7860,-1.6487,0.7578,5.3913,0min0sec
7870,-1.6466,0.7569,5.3902,0min0sec
7880,-1.6446,0.7561,5.3891,0min0sec
7890,-1.6426,0.7552,5.3880,0min0sec
7900,-1.6406,0.7544,5.3869,0min0sec
7910,-1.6386,0.7536,5.3858,0min0sec
7920,-1.6366,0.7527,5.3848,0min0sec
7930,-1.6346,0.7519,5.3837,0min0sec
7940,-1.6326,0.7511,5.3827,0min0sec
7950,-1.6306,0.7503,5.3817,0min0sec
7960,-1.6286,0.7494,5.3806,0min0sec
7970,-1.6267,0.7486,5.3796,0min0sec
7980,-1.6247,0.7478,5.3785,0min0sec
7990,-1.6228,0.7469,5.3775,0min0sec
8000,-1.6208,0.7461,5.3764,0min0sec
8010,-1.6188,0.7453,5.3754,0min0sec
8020,-1.6169,0.7445,5.3743,0min0sec
8030,-1.6150,0.7437,5.3733,0min0sec
8040,-1.6130,0.7429,5.3723,0min0sec
8050,-1.6111,0.7421,5.3713,0min0sec
8060,-1.6091,0.7413,5.3703,0min0sec
8070,-1.6073,0.7405,5.3692,0min0sec
8080,-1.6054,0.7397,5.3682,0min0sec
8090,-1.6034,0.7389,5.3672,0min0sec
8100,-1.6015,0.7381,5.3662,0min0sec
8110,-1.5996,0.7373,5.3652,0min0sec
8120,-1.5977,0.7365,5.3642,0min0sec
8130,-1.5958,0.7357,5.3632,0min0sec
8140,-1.5939,0.7349,5.3621,0min0sec
8150,-1.5920,0.7341,5.3611,0min0sec
8160,-1.5902,0.7333,5.3601,0min0sec
8170,-1.5883,0.7325,5.3591,0min0sec
8180,-1.5864,0.7317,5.3581,0min0sec
8190,-1.5845,0.7310,5.3571,0min0sec
8200,-1.5826,0.7302,5.3561,0min0sec
8210,-1.5808,0.7294,5.3551,0min0sec
8220,-1.5790,0.7287,5.3541,0min0sec
8230,-1.5770,0.7279,5.3532,0min0sec
8240,-1.5752,0.7271,5.3522,0min0sec
8250,-1.5733,0.7263,5.3512,0min0sec
8260,-1.5715,0.7256,5.3502,0min0sec
8270,-1.5697,0.7248,5.3492,0min0sec
8280,-1.5678,0.7240,5.3483,0min0sec
8290,-1.5660,0.7233,5.3473,0min0sec
8300,-1.5643,0.7225,5.3463,0min0sec
8310,-1.5625,0.7218,5.3454,0min0sec
8320,-1.5606,0.7211,5.3444,0min0sec
8330,-1.5588,0.7204,5.3434,0min0sec
8340,-1.5570,0.7196,5.3424,0min0sec
8350,-1.5551,0.7189,5.3415,0min0sec
8360,-1.5534,0.7181,5.3405,0min0sec
8370,-1.5516,0.7174,5.3395,0min0sec
8380,-1.5498,0.7166,5.3386,0min0sec
8390,-1.5480,0.7159,5.3376,0min0sec
8400,-1.5461,0.7152,5.3366,0min0sec
8410,-1.5444,0.7144,5.3357,0min0sec
8420,-1.5426,0.7137,5.3347,0min0sec
8430,-1.5407,0.7130,5.3338,0min0sec
8440,-1.5390,0.7122,5.3328,0min0sec
8450,-1.5373,0.7115,5.3319,0min0sec
8460,-1.5356,0.7108,5.3309,0min0sec
8470,-1.5338,0.7100,5.3300,0min0sec
8480,-1.5321,0.7093,5.3290,0min0sec
8490,-1.5303,0.7085,5.3281,0min0sec
8500,-1.5285,0.7078,5.3271,0min0sec
8510,-1.5268,0.7071,5.3262,0min0sec
8520,-1.5251,0.7063,5.3253,0min0sec
8530,-1.5234,0.7056,5.3243,0min0sec
8540,-1.5217,0.7049,5.3234,0min0sec
8550,-1.5199,0.7041,5.3225,0min0sec
8560,-1.5182,0.7034,5.3216,0min0sec
8570,-1.5164,0.7027,5.3207,0min0sec
8580,-1.5147,0.7020,5.3197,0min0sec
8590,-1.5130,0.7013,5.3188,0min0sec
8600,-1.5113,0.7005,5.3179,0min0sec
8610,-1.5097,0.6998,5.3170,0min0sec
8620,-1.5079,0.6991,5.3161,0min0sec
8630,-1.5063,0.6984,5.3151,0min0sec
8640,-1.5046,0.6977,5.3143,0min0sec
8650,-1.5029,0.6970,5.3133,0min0sec
8660,-1.5012,0.6963,5.3125,0min0sec
8670,-1.4996,0.6956,5.3116,0min0sec
8680,-1.4979,0.6949,5.3107,0min0sec
8690,-1.4963,0.6942,5.3098,0min0sec
8700,-1.4946,0.6935,5.3089,0min0sec
8710,-1.4929,0.6928,5.3080,0min0sec
8720,-1.4913,0.6921,5.3071,0min0sec
8730,-1.4897,0.6914,5.3062,0min0sec
8740,-1.4881,0.6907,5.3053,0min0sec
8750,-1.4865,0.6901,5.3045,0min0sec
8760,-1.4850,0.6894,5.3036,0min0sec
8770,-1.4833,0.6887,5.3027,0min0sec
8780,-1.4817,0.6880,5.3019,0min0sec
8790,-1.4801,0.6873,5.3010,0min0sec
8800,-1.4784,0.6866,5.3001,0min0sec
8810,-1.4769,0.6859,5.2992,0min0sec
8820,-1.4752,0.6852,5.2983,0min0sec
8830,-1.4736,0.6845,5.2975,0min0sec
8840,-1.4720,0.6839,5.2966,0min0sec
8850,-1.4704,0.6832,5.2957,0min0sec
8860,-1.4687,0.6825,5.2949,0min0sec
8870,-1.4671,0.6818,5.2940,0min0sec
8880,-1.4655,0.6812,5.2931,0min0sec
8890,-1.4639,0.6805,5.2923,0min0sec
8900,-1.4623,0.6798,5.2914,0min0sec
8910,-1.4608,0.6791,5.2906,0min0sec
8920,-1.4592,0.6785,5.2897,0min0sec
8930,-1.4576,0.6778,5.2888,0min0sec
8940,-1.4560,0.6771,5.2880,0min0sec
8950,-1.4544,0.6764,5.2871,0min0sec
8960,-1.4528,0.6758,5.2863,0min0sec
8970,-1.4513,0.6751,5.2854,0min0sec
8980,-1.4497,0.6744,5.2846,0min0sec
8990,-1.4481,0.6738,5.2838,0min0sec
9000,-1.4466,0.6731,5.2829,0min0sec
9010,-1.4450,0.6725,5.2821,0min0sec
9020,-1.4435,0.6718,5.2813,0min0sec
9030,-1.4419,0.6711,5.2804,0min0sec
9040,-1.4404,0.6705,5.2796,0min0sec
9050,-1.4388,0.6698,5.2788,0min0sec
9060,-1.4373,0.6692,5.2779,0min0sec
9070,-1.4359,0.6685,5.2771,0min0sec
9080,-1.4343,0.6679,5.2763,0min0sec
9090,-1.4329,0.6673,5.2755,0min0sec
9100,-1.4313,0.6666,5.2747,0min0sec
9110,-1.4298,0.6660,5.2738,0min0sec
9120,-1.4283,0.6653,5.2730,0min0sec
9130,-1.4268,0.6647,5.2722,0min0sec
9140,-1.4253,0.6641,5.2714,0min0sec
9150,-1.4238,0.6634,5.2706,0min0sec
9160,-1.4222,0.6628,5.2698,0min0sec
9170,-1.4209,0.6622,5.2690,0min0sec
9180,-1.4193,0.6615,5.2682,0min0sec
9190,-1.4179,0.6609,5.2674,0min0sec
9200,-1.4164,0.6603,5.2666,0min0sec
9210,-1.4149,0.6596,5.2658,0min0sec
9220,-1.4135,0.6590,5.2650,0min0sec
9230,-1.4120,0.6584,5.2642,0min0sec
9240,-1.4105,0.6577,5.2634,0min0sec
9250,-1.4091,0.6571,5.2627,0min0sec
9260,-1.4076,0.6565,5.2619,0min0sec
9270,-1.4062,0.6559,5.2611,0min0sec
9280,-1.4047,0.6553,5.2603,0min0sec
9290,-1.4032,0.6547,5.2595,0min0sec
9300,-1.4018,0.6540,5.2587,0min0sec
9310,-1.4004,0.6534,5.2579,0min0sec
9320,-1.3989,0.6528,5.2571,0min0sec
9330,-1.3975,0.6522,5.2563,0min0sec
9340,-1.3960,0.6516,5.2555,0min0sec
9350,-1.3946,0.6510,5.2548,0min0sec
9360,-1.3931,0.6504,5.2540,0min0sec
9370,-1.3917,0.6498,5.2532,0min0sec
9380,-1.3902,0.6492,5.2525,0min0sec
9390,-1.3888,0.6485,5.2517,0min0sec
9400,-1.3874,0.6479,5.2509,0min0sec
9410,-1.3860,0.6473,5.2501,0min0sec
9420,-1.3846,0.6467,5.2494,0min0sec
9430,-1.3831,0.6461,5.2486,0min0sec
9440,-1.3818,0.6455,5.2479,0min0sec
9450,-1.3803,0.6449,5.2471,0min0sec
9460,-1.3789,0.6443,5.2464,0min0sec
9470,-1.3775,0.6437,5.2456,0min0sec
9480,-1.3761,0.6431,5.2448,0min0sec
9490,-1.3747,0.6425,5.2441,0min0sec
9500,-1.3734,0.6420,5.2434,0min0sec
9510,-1.3719,0.6414,5.2426,0min0sec
9520,-1.3705,0.6408,5.2418,0min0sec
9530,-1.3692,0.6402,5.2411,0min0sec
9540,-1.3678,0.6396,5.2403,0min0sec
9550,-1.3664,0.6390,5.2396,0min0sec
9560,-1.3651,0.6384,5.2388,0min0sec
9570,-1.3637,0.6378,5.2381,0min0sec
9580,-1.3623,0.6372,5.2374,0min0sec
9590,-1.3609,0.6366,5.2366,0min0sec
9600,-1.3596,0.6361,5.2359,0min0sec
9610,-1.3582,0.6355,5.2351,0min0sec
9620,-1.3569,0.6349,5.2344,0min0sec
9630,-1.3555,0.6343,5.2337,0min0sec
9640,-1.3541,0.6338,5.2330,0min0sec
9650,-1.3528,0.6332,5.2323,0min0sec
9660,-1.3515,0.6326,5.2316,0min0sec
9670,-1.3501,0.6320,5.2308,0min0sec
9680,-1.3488,0.6315,5.2301,0min0sec
9690,-1.3474,0.6309,5.2294,0min0sec
9700,-1.3461,0.6303,5.2286,0min0sec
9710,-1.3447,0.6298,5.2279,0min0sec
9720,-1.3434,0.6292,5.2272,0min0sec
9730,-1.3421,0.6286,5.2264,0min0sec
9740,-1.3408,0.6280,5.2257,0min0sec
9750,-1.3395,0.6275,5.2250,0min0sec
9760,-1.3381,0.6269,5.2242,0min0sec
9770,-1.3369,0.6264,5.2235,0min0sec
9780,-1.3355,0.6258,5.2228,0min0sec
9790,-1.3342,0.6252,5.2221,0min0sec
9800,-1.3329,0.6247,5.2213,0min0sec
9810,-1.3316,0.6241,5.2206,0min0sec
9820,-1.3302,0.6236,5.2199,0min0sec
9830,-1.3289,0.6230,5.2192,0min0sec
9840,-1.3277,0.6224,5.2185,0min0sec
9850,-1.3264,0.6219,5.2178,0min0sec
9860,-1.3251,0.6213,5.2171,0min0sec
9870,-1.3238,0.6208,5.2164,0min0sec
9880,-1.3225,0.6202,5.2157,0min0sec
9890,-1.3212,0.6197,5.2150,0min0sec
9900,-1.3199,0.6191,5.2143,0min0sec
9910,-1.3186,0.6186,5.2136,0min0sec
9920,-1.3173,0.6180,5.2129,0min0sec
9930,-1.3161,0.6175,5.2122,0min0sec
9940,-1.3148,0.6169,5.2115,0min0sec
9950,-1.3135,0.6164,5.2109,0min0sec
9960,-1.3123,0.6159,5.2102,0min0sec
9970,-1.3110,0.6153,5.2095,0min0sec
9980,-1.3097,0.6148,5.2088,0min0sec
9990,-1.3085,0.6142,5.2081,0min0sec
10000,-1.3072,0.6137,5.2075,0min0sec
10010,-1.3059,0.6132,5.2068,0min0sec
10020,-1.3046,0.6126,5.2061,0min0sec
10030,-1.3035,0.6121,5.2054,0min0sec
10040,-1.3022,0.6116,5.2047,0min0sec
10050,-1.3009,0.6111,5.2041,0min0sec
10060,-1.2996,0.6105,5.2034,0min0sec
10070,-1.2984,0.6100,5.2027,0min0sec
10080,-1.2972,0.6095,5.2020,0min0sec
10090,-1.2959,0.6089,5.2014,0min0sec
10100,-1.2947,0.6084,5.2007,0min0sec
10110,-1.2935,0.6079,5.2000,0min0sec
10120,-1.2922,0.6073,5.1993,0min0sec
10130,-1.2910,0.6068,5.1987,0min0sec
10140,-1.2897,0.6063,5.1980,0min0sec
10150,-1.2885,0.6058,5.1973,0min0sec
10160,-1.2874,0.6052,5.1967,0min0sec
10170,-1.2861,0.6047,5.1960,0min0sec
10180,-1.2849,0.6042,5.1954,0min0sec
10190,-1.2837,0.6037,5.1947,0min0sec
10200,-1.2825,0.6032,5.1941,0min0sec
10210,-1.2812,0.6026,5.1934,0min0sec
10220,-1.2801,0.6021,5.1928,0min0sec
10230,-1.2789,0.6016,5.1921,0min0sec
10240,-1.2777,0.6011,5.1915,0min0sec
10250,-1.2764,0.6006,5.1908,0min0sec
10260,-1.2753,0.6000,5.1902,0min0sec
10270,-1.2741,0.5995,5.1895,0min0sec
10280,-1.2729,0.5990,5.1889,0min0sec
10290,-1.2717,0.5985,5.1882,0min0sec
10300,-1.2705,0.5980,5.1876,0min0sec
10310,-1.2693,0.5975,5.1869,0min0sec
10320,-1.2681,0.5970,5.1863,0min0sec
10330,-1.2670,0.5965,5.1856,0min0sec
10340,-1.2657,0.5960,5.1850,0min0sec
10350,-1.2645,0.5955,5.1843,0min0sec
10360,-1.2634,0.5950,5.1837,0min0sec
10370,-1.2622,0.5945,5.1831,0min0sec
10380,-1.2610,0.5940,5.1824,0min0sec
10390,-1.2599,0.5935,5.1818,0min0sec
10400,-1.2587,0.5930,5.1812,0min0sec
10410,-1.2575,0.5925,5.1805,0min0sec
10420,-1.2564,0.5920,5.1799,0min0sec
10430,-1.2553,0.5915,5.1793,0min0sec
10440,-1.2541,0.5910,5.1787,0min0sec
10450,-1.2529,0.5905,5.1781,0min0sec
10460,-1.2518,0.5900,5.1774,0min0sec
10470,-1.2506,0.5895,5.1768,0min0sec
10480,-1.2495,0.5890,5.1762,0min0sec
10490,-1.2484,0.5885,5.1756,0min0sec
10500,-1.2472,0.5881,5.1749,0min0sec
10510,-1.2460,0.5876,5.1743,0min0sec
10520,-1.2449,0.5871,5.1737,0min0sec
10530,-1.2438,0.5866,5.1731,0min0sec
10540,-1.2427,0.5861,5.1724,0min0sec
10550,-1.2415,0.5856,5.1718,0min0sec
10560,-1.2404,0.5851,5.1712,0min0sec
10570,-1.2393,0.5847,5.1706,0min0sec
10580,-1.2382,0.5842,5.1699,0min0sec
10590,-1.2370,0.5837,5.1693,0min0sec
10600,-1.2359,0.5832,5.1687,0min0sec
10610,-1.2348,0.5827,5.1681,0min0sec
10620,-1.2337,0.5823,5.1675,0min0sec
10630,-1.2326,0.5818,5.1668,0min0sec
10640,-1.2314,0.5813,5.1662,0min0sec
10650,-1.2303,0.5808,5.1656,0min0sec
10660,-1.2292,0.5803,5.1650,0min0sec
10670,-1.2281,0.5799,5.1644,0min0sec
10680,-1.2270,0.5794,5.1638,0min0sec
10690,-1.2258,0.5789,5.1632,0min0sec
10700,-1.2247,0.5784,5.1626,0min0sec
10710,-1.2236,0.5780,5.1620,0min0sec
10720,-1.2226,0.5775,5.1614,0min0sec
10730,-1.2215,0.5770,5.1607,0min0sec
10740,-1.2204,0.5766,5.1601,0min0sec
10750,-1.2193,0.5761,5.1595,0min0sec
10760,-1.2182,0.5756,5.1589,0min0sec
10770,-1.2171,0.5752,5.1583,0min0sec
10780,-1.2161,0.5747,5.1577,0min0sec
10790,-1.2150,0.5742,5.1572,0min0sec
10800,-1.2139,0.5738,5.1566,0min0sec
10810,-1.2129,0.5733,5.1560,0min0sec
10820,-1.2118,0.5728,5.1554,0min0sec
10830,-1.2107,0.5724,5.1548,0min0sec
10840,-1.2096,0.5719,5.1542,0min0sec
10850,-1.2085,0.5714,5.1536,0min0sec
10860,-1.2075,0.5710,5.1530,0min0sec
10870,-1.2064,0.5705,5.1525,0min0sec
10880,-1.2054,0.5701,5.1519,0min0sec
10890,-1.2043,0.5696,5.1513,0min0sec
10900,-1.2033,0.5692,5.1507,0min0sec
10910,-1.2022,0.5687,5.1501,0min0sec
10920,-1.2012,0.5682,5.1496,0min0sec
10930,-1.2001,0.5678,5.1490,0min0sec
10940,-1.1991,0.5673,5.1484,0min0sec
10950,-1.1980,0.5669,5.1479,0min0sec
10960,-1.1970,0.5664,5.1473,0min0sec
10970,-1.1959,0.5660,5.1467,0min0sec
10980,-1.1949,0.5655,5.1461,0min0sec
10990,-1.1938,0.5651,5.1455,0min0sec
11000,-1.1928,0.5646,5.1450,0min0sec
11010,-1.1918,0.5642,5.1445,0min0sec
11020,-1.1907,0.5638,5.1439,0min0sec
11030,-1.1897,0.5633,5.1433,0min0sec
11040,-1.1887,0.5629,5.1427,0min0sec
11050,-1.1877,0.5624,5.1422,0min0sec
11060,-1.1866,0.5620,5.1416,0min0sec
11070,-1.1856,0.5615,5.1410,0min0sec
11080,-1.1846,0.5611,5.1405,0min0sec
11090,-1.1835,0.5606,5.1399,0min0sec
11100,-1.1825,0.5602,5.1394,0min0sec
11110,-1.1815,0.5598,5.1388,0min0sec
11120,-1.1805,0.5593,5.1382,0min0sec
11130,-1.1795,0.5589,5.1377,0min0sec
11140,-1.1784,0.5585,5.1371,0min0sec
11150,-1.1774,0.5580,5.1366,0min0sec
11160,-1.1764,0.5576,5.1360,0min0sec
11170,-1.1754,0.5572,5.1355,0min0sec
11180,-1.1744,0.5567,5.1349,0min0sec
11190,-1.1734,0.5563,5.1344,0min0sec
11200,-1.1723,0.5559,5.1338,0min0sec
11210,-1.1714,0.5554,5.1333,0min0sec
11220,-1.1703,0.5550,5.1327,0min0sec
11230,-1.1694,0.5546,5.1322,0min0sec
11240,-1.1683,0.5542,5.1316,0min0sec
11250,-1.1674,0.5537,5.1311,0min0sec
11260,-1.1664,0.5533,5.1305,0min0sec
11270,-1.1654,0.5529,5.1300,0min0sec
11280,-1.1644,0.5524,5.1295,0min0sec
11290,-1.1634,0.5520,5.1289,0min0sec
11300,-1.1624,0.5516,5.1284,0min0sec
11310,-1.1614,0.5512,5.1278,0min0sec
11320,-1.1604,0.5507,5.1273,0min0sec
11330,-1.1594,0.5503,5.1268,0min0sec
11340,-1.1585,0.5499,5.1263,0min0sec
11350,-1.1575,0.5495,5.1257,0min0sec
11360,-1.1565,0.5490,5.1252,0min0sec
11370,-1.1555,0.5486,5.1247,0min0sec
11380,-1.1545,0.5482,5.1241,0min0sec
11390,-1.1536,0.5478,5.1236,0min0sec
11400,-1.1526,0.5474,5.1230,0min0sec
11410,-1.1516,0.5470,5.1225,0min0sec
11420,-1.1507,0.5466,5.1220,0min0sec
11430,-1.1498,0.5461,5.1215,0min0sec
11440,-1.1488,0.5457,5.1209,0min0sec
11450,-1.1478,0.5453,5.1204,0min0sec
11460,-1.1468,0.5449,5.1198,0min0sec
11470,-1.1459,0.5445,5.1193,0min0sec
11480,-1.1449,0.5441,5.1188,0min0sec
11490,-1.1440,0.5437,5.1183,0min0sec
11500,-1.1430,0.5432,5.1177,0min0sec
11510,-1.1421,0.5428,5.1172,0min0sec
11520,-1.1411,0.5424,5.1167,0min0sec
11530,-1.1402,0.5420,5.1162,0min0sec
11540,-1.1392,0.5416,5.1157,0min0sec
11550,-1.1383,0.5412,5.1151,0min0sec
11560,-1.1373,0.5408,5.1146,0min0sec
11570,-1.1364,0.5404,5.1141,0min0sec
11580,-1.1355,0.5400,5.1136,0min0sec
11590,-1.1345,0.5395,5.1130,0min0sec
11600,-1.1336,0.5392,5.1126,0min0sec
11610,-1.1326,0.5388,5.1121,0min0sec
11620,-1.1317,0.5384,5.1116,0min0sec
11630,-1.1308,0.5380,5.1111,0min0sec
11640,-1.1299,0.5376,5.1106,0min0sec
11650,-1.1290,0.5372,5.1100,0min0sec
11660,-1.1280,0.5368,5.1095,0min0sec
11670,-1.1271,0.5364,5.1091,0min0sec
11680,-1.1262,0.5360,5.1086,0min0sec
11690,-1.1253,0.5356,5.1081,0min0sec
11700,-1.1243,0.5352,5.1076,0min0sec
11710,-1.1234,0.5348,5.1070,0min0sec
11720,-1.1225,0.5344,5.1065,0min0sec
11730,-1.1216,0.5340,5.1060,0min0sec
11740,-1.1206,0.5336,5.1055,0min0sec
11750,-1.1197,0.5332,5.1051,0min0sec
11760,-1.1188,0.5328,5.1046,0min0sec
11770,-1.1179,0.5324,5.1040,0min0sec
11780,-1.1170,0.5320,5.1035,0min0sec
11790,-1.1161,0.5316,5.1030,0min0sec
11800,-1.1152,0.5312,5.1025,0min0sec
11810,-1.1143,0.5308,5.1020,0min0sec
11820,-1.1134,0.5304,5.1015,0min0sec
11830,-1.1125,0.5300,5.1010,0min0sec
11840,-1.1116,0.5296,5.1005,0min0sec
11850,-1.1107,0.5292,5.1000,0min0sec
11860,-1.1098,0.5289,5.0995,0min0sec
11870,-1.1089,0.5285,5.0990,0min0sec
11880,-1.1081,0.5281,5.0985,0min0sec
11890,-1.1072,0.5277,5.0981,0min0sec
11900,-1.1063,0.5273,5.0976,0min0sec
11910,-1.1054,0.5269,5.0971,0min0sec
11920,-1.1045,0.5266,5.0966,0min0sec
11930,-1.1036,0.5262,5.0961,0min0sec
11940,-1.1027,0.5258,5.0956,0min0sec
11950,-1.1018,0.5254,5.0952,0min0sec
11960,-1.1009,0.5250,5.0947,0min0sec
11970,-1.1001,0.5247,5.0942,0min0sec
11980,-1.0992,0.5243,5.0938,0min0sec
11990,-1.0983,0.5239,5.0933,0min0sec
12000,-1.0974,0.5235,5.0928,0min0sec
12010,-1.0965,0.5231,5.0923,0min0sec
12020,-1.0957,0.5227,5.0918,0min0sec
12030,-1.0948,0.5224,5.0913,0min0sec
12040,-1.0939,0.5220,5.0908,0min0sec
12050,-1.0930,0.5216,5.0903,0min0sec
12060,-1.0922,0.5213,5.0899,0min0sec
12070,-1.0913,0.5209,5.0894,0min0sec
12080,-1.0904,0.5205,5.0889,0min0sec
12090,-1.0896,0.5201,5.0884,0min0sec
12100,-1.0887,0.5198,5.0880,0min0sec
12110,-1.0879,0.5194,5.0875,0min0sec
12120,-1.0870,0.5190,5.0870,0min0sec
12130,-1.0861,0.5186,5.0865,0min0sec
12140,-1.0853,0.5183,5.0861,0min0sec
12150,-1.0844,0.5179,5.0856,0min0sec
12160,-1.0836,0.5175,5.0851,0min0sec
12170,-1.0828,0.5172,5.0847,0min0sec
12180,-1.0819,0.5168,5.0842,0min0sec
12190,-1.0811,0.5164,5.0837,0min0sec
12200,-1.0802,0.5160,5.0833,0min0sec
12210,-1.0794,0.5157,5.0828,0min0sec
12220,-1.0785,0.5153,5.0823,0min0sec
12230,-1.0777,0.5149,5.0818,0min0sec
12240,-1.0768,0.5146,5.0814,0min0sec
12250,-1.0760,0.5142,5.0809,0min0sec
12260,-1.0751,0.5139,5.0804,0min0sec
12270,-1.0743,0.5135,5.0800,0min0sec
12280,-1.0735,0.5131,5.0795,0min0sec
12290,-1.0726,0.5128,5.0790,0min0sec
12300,-1.0718,0.5124,5.0786,0min0sec
12310,-1.0710,0.5120,5.0781,0min0sec
12320,-1.0701,0.5117,5.0777,0min0sec
12330,-1.0693,0.5113,5.0772,0min0sec
12340,-1.0684,0.5110,5.0767,0min0sec
12350,-1.0676,0.5106,5.0763,0min0sec
12360,-1.0668,0.5102,5.0758,0min0sec
12370,-1.0660,0.5099,5.0754,0min0sec
12380,-1.0651,0.5095,5.0750,0min0sec
12390,-1.0643,0.5092,5.0745,0min0sec
12400,-1.0634,0.5088,5.0740,0min0sec
12410,-1.0626,0.5084,5.0736,0min0sec
12420,-1.0618,0.5081,5.0731,0min0sec
12430,-1.0610,0.5077,5.0727,0min0sec
12440,-1.0602,0.5074,5.0722,0min0sec
12450,-1.0594,0.5070,5.0718,0min0sec
12460,-1.0585,0.5067,5.0713,0min0sec
12470,-1.0577,0.5063,5.0709,0min0sec
12480,-1.0569,0.5060,5.0704,0min0sec
12490,-1.0561,0.5056,5.0700,0min0sec
12500,-1.0553,0.5053,5.0695,0min0sec
12510,-1.0545,0.5049,5.0691,0min0sec
12520,-1.0536,0.5046,5.0687,0min0sec
12530,-1.0528,0.5042,5.0682,0min0sec
12540,-1.0520,0.5039,5.0678,0min0sec
12550,-1.0512,0.5035,5.0673,0min0sec
12560,-1.0504,0.5032,5.0669,0min0sec
12570,-1.0496,0.5028,5.0665,0min0sec
12580,-1.0489,0.5025,5.0660,0min0sec
12590,-1.0480,0.5021,5.0656,0min0sec
12600,-1.0473,0.5018,5.0652,0min0sec
12610,-1.0464,0.5014,5.0647,0min0sec
12620,-1.0456,0.5011,5.0643,0min0sec
12630,-1.0449,0.5007,5.0638,0min0sec
12640,-1.0441,0.5004,5.0634,0min0sec
12650,-1.0432,0.5001,5.0629,0min0sec
12660,-1.0425,0.4997,5.0625,0min0sec
12670,-1.0417,0.4994,5.0621,0min0sec
12680,-1.0409,0.4990,5.0616,0min0sec
12690,-1.0401,0.4987,5.0612,0min0sec
12700,-1.0393,0.4984,5.0608,0min0sec
12710,-1.0385,0.4980,5.0604,0min0sec
12720,-1.0377,0.4977,5.0599,0min0sec
12730,-1.0369,0.4973,5.0595,0min0sec
12740,-1.0362,0.4970,5.0590,0min0sec
12750,-1.0354,0.4967,5.0586,0min0sec
12760,-1.0346,0.4963,5.0582,0min0sec
12770,-1.0339,0.4960,5.0578,0min0sec
12780,-1.0331,0.4957,5.0574,0min0sec
12790,-1.0323,0.4953,5.0569,0min0sec
12800,-1.0315,0.4950,5.0565,0min0sec
12810,-1.0308,0.4946,5.0561,0min0sec
12820,-1.0300,0.4943,5.0556,0min0sec
12830,-1.0292,0.4940,5.0552,0min0sec
12840,-1.0285,0.4936,5.0548,0min0sec
12850,-1.0277,0.4933,5.0544,0min0sec
12860,-1.0269,0.4930,5.0539,0min0sec
12870,-1.0262,0.4926,5.0535,0min0sec
12880,-1.0254,0.4923,5.0531,0min0sec
12890,-1.0247,0.4920,5.0527,0min0sec
12900,-1.0239,0.4916,5.0523,0min0sec
12910,-1.0231,0.4913,5.0518,0min0sec
12920,-1.0224,0.4910,5.0514,0min0sec
12930,-1.0216,0.4907,5.0510,0min0sec
12940,-1.0209,0.4903,5.0506,0min0sec
12950,-1.0201,0.4900,5.0502,0min0sec
12960,-1.0193,0.4897,5.0498,0min0sec
12970,-1.0186,0.4894,5.0494,0min0sec
12980,-1.0178,0.4890,5.0490,0min0sec
12990,-1.0171,0.4887,5.0485,0min0sec
